"ID пункта";Оператор;Регион;Город;Кладр-код;Адрес;"Станция метро";"Как найти";"Режим работы";"Макс. вес заказа";Широта;Долгота;Телефон;E-mail;"Срок доставки";"Пункт принимает заказы";"Доступна оплата картой";"Только предоплаченные заказы"
SZ-SPB-Avtovo;gp;Санкт-Петербург;Санкт-Петербург;7800000000000;"пр.Стачек, д.75 - за пав.""Мастер Кебаб""";Автово;;"пн-пт 11-20, сб-вс вых.";20;59.86722200;30.25949000;"8 (812) 407-36-20";glavpunkt.avtovo@gmail.com;1-2;1;1;0
AB-SPB-Akademicheskaya;gp;Санкт-Петербург;Санкт-Петербург;7800000000000;"пр.Науки, д.17 к2, вверх по пандусу";Академическая;;"пн-вс 10-21";20;60.01492200;30.38554100;"8 (812) 407-20-24";akademglavpunkt@gmail.com;1-2;1;1;0
PS-SPB-Astafeva;gp;Санкт-Петербург;Санкт-Петербург;7800000000000;"ул Асафьева д 5к 1";Асафьева;"<p>Общий вход с салоном красоты ""Леди"". Для прохода на домовую территорию на домофоне калитки нажать ""Салон"".</p>";"пн-пт 10-21, сб 10-20, вс-вых";50;60.04836260;30.32384225;8-812-5974239;postservicespb@yandex.ru;1-3;1;1;0
MS-SPB-Bykonurskaya;gp;Санкт-Петербург;Санкт-Петербург;7800000000000;"Байконурская ул., д.26";Байконурская;"<p><span>Метро ""Комендантский проспект"" и ""Пионерская"", Остановка: Парашютная улица, Автобусы: 170. Маршрутное такси: 232, 308. Выйдя из транспорта пройти 140 метров. Остановка: Байконурская улица, Автобусы: 9, 85, 127, 134Б, 135,171, 172. Маршрутное такси: 55. При выходе из транспорта перейти улицу Парашютная и пройти 140 метров. Вход в помещение с торца здания с правой стороны дома напротив входа в магазин ""Пятерочка"", вывеска,""OZON"",""Фотокопицентр"", ""Сервисный центр"", 1 этаж.</span></p>";"Пн-Пт 10-20, Сб-Вс 10-19";50;60.01446618;30.27927100;8-950-031-47-79;photo_bykonur@mail.ru;1-3;1;1;0
Lyzhnyj-L3-guk;gp;Санкт-Петербург;Санкт-Петербург;7800000000000;"ул. Мебельная, д. 35, к. 2";"Беговая 2";"<p><span><strong>Пункт с ограниченным функционалом (работает строго на выдачу заказов, приемка для последующего перемещения заказов в другие ПВЗ не осуществляется)</strong></span></p>
<p>Как найти: 1 этаж жилого дома, вход со стороны ул. Мебельная, третья башня от Лыжного пер., красная дверь, вывеска OZON.</p>";"пн-вс 10-21";20;59.99563800;30.19957200;"8 (960) 270-63-78";lyzhniy3@pvzspb.ru;1-2;0;1;0
Bolshevikov-P4k1;gp;Санкт-Петербург;Санкт-Петербург;7800000000000;"Клочков пер., д. 12";Большевиков;"<p>Из метро Большевиков выйти налево, пройти по проспекту Пятилеток до пересечения с Клочковым переулком, перейти по зебре проспект и переулок. ПВЗ находится на первом этаже в 16-этажном жилом доме, прямой вход с проспекта Пятилеток.</p>";"пн-вс 10-21";20;59.92189024;30.46394051;"8 (812)407-30-48";glavpunktbolshevikov@gmail.com;1-2;1;0;0
BYA-SPB-Sampson;gp;Санкт-Петербург;Санкт-Петербург;7800000000000;"Большой Сампсониевский д.44";"Большой Сампсониевский";"<p><span>Большой Сампсониевский проспект 44, станция метро Выборгская, далее пешком по ул. Смолячкова, автобус 86. Ориентир - Магазин цветов CVETCLUB</span></p>";"пн-вс 9-21";50;59.97119198;30.34039302;8-921-965-01-48;sampson44@yandex.ru;1-3;1;1;0
BYA-SPB-Sofiyskaya;gp;Санкт-Петербург;Санкт-Петербург;7800000000000;"Софийская ул. д.8 к.1 с1";Бухарестская;"<p><span>Ориентир магазин цветов CVETCLUB</span></p>";"пн-вс 9-21";50;59.88228244;30.39224925;8-921-905-30-14;sofiyskaya@yandex.ru;1-3;1;1;0
LIT-SPB-VO26liniya;gp;Санкт-Петербург;Санкт-Петербург;7800000000000;"26-ая линия В.О. д.7";"В.О. 26-линия";"<p><span>Маршрутка 359Б Остановка:&nbsp;</span><span class=""js-extracted-address js-extracted-highlighted-address mail-Message-Map-Link"">26-я и 27-я&nbsp;<span class=""mail-Message-Map-NoBreak"">линии</span></span><span>&nbsp;В.О. Перейдите через перекресток от остановки в сторону ЖК Палацио идите направо вдоль дома - смотрите на вывеску Озон!</span></p>";"пн-вс 10-22";50;59.92881377;30.26025580;8-951-640-42-60;26liniya7@yandex.ru;1-3;1;1;0
AB-SPB-Veteranov;gp;Санкт-Петербург;Санкт-Петербург;7800000000000;"пр.Ветеранов, д.36,к.2, ТЦ Манхэттен, 2 этаж";Ветеранов;"<p><span style=""color: #008000;""><strong>&nbsp;</strong></span></p>";"пн-пт 11-20";20;59.84295600;30.24755100;"8 (812) 407-26-28";glavpunkt.veteranov@gmail.com;1-2;1;1;0
BYA-SPB-Veteranov;gp;Санкт-Петербург;Санкт-Петербург;7800000000000;"Пр. Ветеранов д.130";"Ветеранов 130";"<p><span>м.Ветеранов. Остановка ул. Добровольцев. ПВЗ располагается напротив остановки. Общественный транспорт: маршрутки(184, 130,20) Автобус(130, 68)</span></p>";"пн-вс 9-21";50;59.83259300;30.17375500;8-921-560-87-72;Ozonveteranov130@yandex.ru;1-3;1;1;0
Gavanskaya-G42-guk;gp;Санкт-Петербург;Санкт-Петербург;7800000000000;"ул. Гаванская, д. 42";"Гаванская ул.";"<p>1-й этаж жилого дома, вход со стороны Малого пр. ВО.</p>
<p>Пункт с ограниченным функционалом (работает строго на выдачу заказов, приемка и последующее перемещение заказов в другие ПВЗ не осуществляется).</p>";"пн-вс 10-21";20;59.93746800;30.23745400;"8 (965) 091-92-46";gavanskaya42@pvzspb.ru;1-2;0;1;0
BYA-SPB-Geroev;gp;Санкт-Петербург;Санкт-Петербург;7800000000000;"пр. Героев д.32";Героев;"<p><span>м. Автово. остановка Адмирала Трибуца. Автобус 300, троллейбус 41. Правое крыло 32 дома, вход в пункт выдачи напротив наземного паркинга дома 34. Ориентир ""Школа языков""</span></p>";"пн-вс 9-21";50;59.85752315;30.15139338;8-921-905-73-14;ozongeroev@yandex.ru;1-3;1;1;0
MS-SPB-Gluharskaya;gp;Санкт-Петербург;Санкт-Петербург;7800000000000;"Глухарская ул., д.5, к.3, пом. 2/6";Глухарская;"<p><span>Метро ""Комендантский проспект"", Остановка: Глухарская 2, Автобусы: 85, 170, 171, 182. Маршрутное такси: 71, 91а. При выходе из транспорта повернуть налево и пройти 60 метров. Остановка: Глухарская улица, Автобусы: 85, 171, 182. Маршрутное такси: 14. При выходе из транспорта перейти улицу Глухарская повернуть на право и пройти 200 метров. ТЦ ""Глухарский"", вывеска,""Фотокопицентр"", ""Сервисный центр"", 2 этаж.</span></p>";"Пн-Пт 10-20, Сб-Вс 10-19";50;60.02835700;30.21459200;8-950-031-32-47;photo_kamenka@mail.ru;1-3;1;1;0
PS-SPB-Goncharnaya;gp;Санкт-Петербург;Санкт-Петербург;7800000000000;"ул. Гончарная д.15А";Гончарная;"<p><span>ПВЗ находится во дворе дома на цокольном этаже. Проход по Гончарной улице до дома 11. Вход в арку (у вывески Багет) и дальше через проходной двор к Московскому вокзалу. Вход в пункт под арку с железными воротами. код ""2323В"" (Рядом с аркой вход в магазин продукты на цокольный этаж)</span></p>";"пн-сб 11-20, вс-вых";50;59.92806800;30.36481700;8-911-179-81-04;postservicespb@yandex.ru;1-3;1;1;0
SZ-SPB-Grazhdanskiy;gp;Санкт-Петербург;Санкт-Петербург;7800000000000;"пр. Просвещения, д87, к1, «Северо-Муринский ун-г», 2 эт, направо";Гражданский;"<p><span style=""font-size: large; color: #ff0000;""><strong>""Северо-Муринский универмаг"" (2 этаж, направо с лестницы = вернуться по этажу в сторону метро), напротив ""Северной галереи"".</strong></span></p>
<p>&nbsp;</p>
<p><span style=""color: #008000;""><strong>&nbsp;</strong></span></p>";"пн-пт 11-20, сб-вс вых.";20;60.03584100;30.41574300;"8 (812) 407-23-37";glavpunkt.grazhdankij@gmail.com;1-2;1;1;0
Grazhdanskiy-G105;gp;Санкт-Петербург;Санкт-Петербург;7800000000000;"Гражданский пр-т 105к1";Гражданский2;"<p>Остановка проспект Луначарского, пункт выдачи расположен в жилом доме, вход с Гражданского проспекта.</p>
<p>Вход через кафе&nbsp;Baggins Coffee</p>";"пн-вс 10-21";20;60.02666700;30.41267100;8(812)407-36-80;grajdanskii@glavpunkt.ru;1-3;1;1;0
BYA-SPB-Dvinskaya;gp;Санкт-Петербург;Санкт-Петербург;7800000000000;"Двинская ул. д.10 к.2";Двинская;"<p><span>Метро Нарвская,Балтийская, остановки общественного транспорта ""Двинская улица 9"", автобус 22,43,49,65,66,67,67Б,70,71,. маршрутное такси К-115, К-66, К-67, К-90. Здание находится во дворе, соседи Ресторан и магазин цветов.</span></p>";"пн-вс 9-21";50;59.90847282;30.24764446;8-921-560-45-62;ozondvinskaya@yandex.ru;1-3;1;1;0
ID-SPB-Deviatkino;gp;Санкт-Петербург;Санкт-Петербург;7800000000000;"п. Мурино, Привокзальная пл., д.3, к.1";Девяткино;"<p><span style=""color: #008000;""><strong>&nbsp;</strong></span></p>";"пн-вс 10-21";20;60.05244700;30.44674400;"8 (812) 407-14-80";glavpunktdevjatkino@gmail.com;1-2;1;1;0
Dunaiskaya-B124;gp;Санкт-Петербург;Санкт-Петербург;7800000000000;"Бухарестская ул., д. 124";Дунайская;"<p><span>Пункт выдачи находится в левой части жилого 16-этажного дома, первая парадная со стороны Бухарестской ул.</span></p>";"пн-вс 10-21";20;59.84421100;30.40874300;"8 (921) 909-38-31";tochka.dunay@yandex.ru;1-2;1;1;0
AB-SPB-Dybenko;gp;Санкт-Петербург;Санкт-Петербург;7800000000000;"Дыбенко, 27, к.1, вход со двора, ближе к метро";Дыбенко;;"пн-вс 10-21";20;59.90559200;30.47991800;"8 (812) 407-23-25";glavpunkt.dybenko@gmail.com;1-2;1;1;0
Elizarovskaya-N3;gp;Санкт-Петербург;Санкт-Петербург;7800000000000;"проспект Обуховской обороны дом 75";Елизаровская;"<p><span>Пункт находится в правой части дома, вход с проспекта.</span><br /><br /><br /></p>";"пн-вс 09-21";20;59.90158500;30.42524700;"7 (921) 424-41-95";tochka.oborony75@yandex.ru;1-2;1;1;0
GM-SPB-Kapitanskay;gp;Санкт-Петербург;Санкт-Петербург;7800000000000;"ул. Капитанская д.5, к.Б";Капитанская;"<p><span>Пункт выдачи находиться на 1 этаже на&nbsp; углу жилого дома напротив сквер с детской площадкой, в доме огромная арка, слева от арки по лестнице&nbsp;вход в пункт выдачи.</span></p>";"пн-вс 9-21";50;59.95600730;30.21400687;8-981-882-94-29;kapitanskay2020@yandex.ru;1-3;1;1;0
Kirovskiyzavod-St39-guk;gp;Санкт-Петербург;Санкт-Петербург;7800000000000;"пр. Стачек д.22";"Кировский завод";"<p><span style=""font-size: medium;"">Пункт с ограниченным функционалом (работает строго на выдачу заказов, приемка и последующее перемещение заказов в другие ПВЗ не осуществляется)</span></p>
<p><span style=""font-size: medium;""><span>Проезд: автобус № 2, 66, 73; троллейбус № 20; маршрутное такси № 2, 20, 66, 195, 306, 404. Остановка: &laquo;Огородный пер&raquo;. (пр. Стачек). 100 метров от остановки общественного транспорта по пр. Стачек.</span></span></p>
<p>&nbsp;</p>
<p><span style=""font-size: medium;""><span>&nbsp;</span></span></p>";"пн-вс 10-21";20;59.89096100;30.27293800;"8 (921) 335-63-10";info@glavpunkt.ru;1-3;0;1;0
BYA-SPB-Kollantay;gp;Санкт-Петербург;Санкт-Петербург;7800000000000;"Коллонтай д.31 к.2";Коллонтай;"<p><span>м.Большевиков. Маршрутка к-155. Остановка Универсам. ПВЗ располагается напротив остановки 110м.</span></p>";"пн-вс 9-21";50;59.92282071;30.48459173;8-921-932-56-60;ekaterina.nastroenie@yandex.ru;1-3;1;1;0
SZ-SPB-Komendantskiy;gp;Санкт-Петербург;Санкт-Петербург;7800000000000;"Комендантская площадь, дом 8, литер «А»";Комендантский;"<p>Вход под вывеской магазин ""ЦВЕТЫ"", справа через дорогу от ТЦ ""Променад"", цокольное помещение.&nbsp;</p>";"пн-пт 11-20, сб-вс вых.";20;60.00596163;30.26074004;"8 (812) 407-22-04";glavpunkt.komendan@gmail.com;1-2;1;1;0
Kotina-K2-guk;gp;Санкт-Петербург;Санкт-Петербург;7800000000000;"Ленинский пр. д.87";"Котина ул.";"<p>&nbsp;</p>
<p><span style=""font-size: medium;""><span><br /></span></span></p>";"пн-вс 10-21";20;59.85526700;30.20420800;"8 (921) 650-19-18";info@glavpunkt.ru;1-2;0;1;0
BYA-SPB-Krasnoputilovskaya;gp;Санкт-Петербург;Санкт-Петербург;7800000000000;"Краснопутиловская д.30";Краснопутиловская;"<p><span>м.Автово. При выходе из метро поворачиваем налево, идем до ул.Автовская. Далее по ул. Автовская идем 80м . Дом будет на пересечении ул Автовская и Красопутиловская.&nbsp; Вывеска ОЗОН</span></p>";"пн-вс 9-21";50;59.86922756;30.27267545;8-921-560-83-06;ozonkrasnoput30@yandex.ru;1-3;1;1;0
EG-SPB-Balkanskaya25P;gp;Санкт-Петербург;Санкт-Петербург;7800000000000;"Балканская пл., 5 корпус 4 секция 25П";Купчино;"<p>ТК Домострой, Балканская пл., 5 корпус 4, секция 25П.</p>";"пн-вс 10-20";30;59.83189200;30.37596500;+7(950)-047-44-41;9500474441@mail.ru;1-3;1;1;0
ID-SPB-Kupchino;gp;Санкт-Петербург;Санкт-Петербург;7800000000000;"Дунайский пр., д. 41, корп. 2.";"Купчино2 / Дунайский";"<p>Одноэтажное здание рядом с ТЦ ""Водопад"", на здании вывеска OZON. Вход в ПВЗ со двора, обойти здание справа через ворота, вход через белую дверь.&nbsp;&nbsp;</p>";"пн-вс 10-21";20;59.83875600;30.39881900;"8 (812) 407-36-30";kupchino2glavpunkt@gmail.com;1-2;1;1;0
SZ-SPB-Ladozhskaya;gp;Санкт-Петербург;Санкт-Петербург;7800000000000;"Заневский пр, д65, к.5, лит.А ТК ""Платформа""";Ладожская;;"пн-пт 11-20, сб-вс вых.";20;59.93245000;30.43416700;"8 (812) 385-58-34";glavpunkt.ladozhskaya@gmail.com;1-2;1;1;0
Levashovskiy-L12;gp;Санкт-Петербург;Санкт-Петербург;7800000000000;"Левашовский пр., д.12";"Левашовский пр.";"<p><span style=""font-size: medium;"">Пункт с ограниченным функционалом (работает строго на выдачу заказов, приемка и последующее перемещение заказов в другие ПВЗ не осуществляется)</span></p>
<p>&nbsp;</p>
<p><span style=""font-size: small;"">Станция метро: &laquo;Чкаловская&raquo;.&nbsp;<span>Остановка &laquo;Левашовский проспект&raquo; (Автобусы: 1, 10, 14, 25).</span></span></p>
<p><span style=""font-size: small;"">Расстояние от остановки до Отделения - 150 метров Офисное 7-ми этажное здание. Вход: Отдельное крыльцо, первое от угла здания (ориентир вывеска FixPrice). 1 Этаж.</span></p>";"пн-вс 10-21";20;59.96587200;30.29298800;"8 (905) 228-16-55";info@glavpunkt.ru;1-2;0;1;0
Leninskiy-T17k2-ID;gp;Санкт-Петербург;Санкт-Петербург;7800000000000;"Трамвайный пр, д.17, к.2, ТЦ ""Нарва"", секц.14";Ленинский;"<p>Дополнительный номер для связи:&nbsp;<span>8(952)</span><span class=""wmi-callto"">381-66-07</span></p>";"пн-вс 11-20";20;59.85331500;30.26839200;"8 (812) 407-20-84";leninckiyglavpunkt@gmail.com;1-2;1;1;0
Lomonosovskaya-P6;gp;Санкт-Петербург;Санкт-Петербург;7800000000000;"ул. Бабушкина, д. 81, к. 1, лит. А, пом. 24-Н";Ломоносовская;"<p>Отдельный вход с улицы Бабушкина, вывеска ОЗОН.</p>";"пн-вс 10-21";20;59.87396100;30.44579100;"8 (812) 317-71-58 доб. 888";info@glavpunkt.ru;1-2;0;1;0
BYA-SPB-Govorova;gp;Санкт-Петербург;Санкт-Петербург;7800000000000;"ул. Маршала Говорова 14 к1";"Маршала Говорова";"<p><span>М.Кировский завод. Пункт располагается в пешей доступности. На 1этаже жилого дома. Из метро на право, вдоль ТЦ Румба. Дом расположен за ТЦ. Ориентир вывеска Озон</span></p>";"пн-вс 9-21";50;59.87981800;30.26736800;8-921-809-29-75;ozongovorova@yandex.ru;1-3;1;1;0
BYA-SPB-Zhukova;gp;Санкт-Петербург;Санкт-Петербург;7800000000000;"Маршала Жукова 54к1";"Маршала Жукова";"<p><span>Метро Ветеранов, остановка Солдата Корзуна д54, корпус 6. Маршрутка 130, 184,20 , Автобусы 130. Вход со стороный проспекта Маршала Жукова, вывеска ОПТОВЫЙ СКЛАД ЦВЕТОВ, ОЗОН(вход именно в это помещение).</span></p>";"пн-вс 9-21";50;59.84197700;30.20797279;8-953-351-16-96;ozonjukova54@yandex.ru;1-3;1;1;0
Mezhdunarodnaia-B6k1;gp;Санкт-Петербург;Санкт-Петербург;7800000000000;"ул. Бухарестская, д. 78";Международная;"<p>Из метро Международная выйти направо, перейти Бухарестскую улицу и идти по ней направо до дома 78. ПВЗ находится на первом этаже жилого 9-этажного дома, прямой вход с Бухарестской улицы. Соседняя дверь от магазина ""Vardex"".</p>";"пн-вс 10-21";20;59.86914200;30.38331400;"8 (812) 407-18-74";mezhdunarodnaya.gp@gmail.com;1-2;1;1;0
SZ-SPB-Moskovskaya;gp;Санкт-Петербург;Санкт-Петербург;7800000000000;"ул. Алтайская, д.16";Московская;;"пн-пт 11-20, сб-вс вых.";20;59.84966400;30.32737600;"8 (812) 373-46-27";glavpunkt.spb@gmail.com;1-2;1;1;0
Shuvalova-Sh9-guk;gp;Санкт-Петербург;Санкт-Петербург;7800000000000;"Мурино, Петровский бульвар, д. 7";Мурино;"<p><span>1 этаж жилого дома, вход со двора, помещение с отдельным входом между 13 и 14 подъездами, вывеска OZON</span></p>";"пн-вс 10-21";20;60.05581200;30.43195700;"8 (960) 270-64-31";shuvalova9@pvzspb.ru;1-2;0;1;0
BYA-SPB-Nevskiy;gp;Санкт-Петербург;Санкт-Петербург;7800000000000;"Невский пр. д.110";"Невский 110";"<p><span>м.пл Восстания. Поворачиваем направо. Идем по Невскому проспекту 300м. Ориентир магазин Нумизмат.</span></p>";"пн-вс 9-21";50;59.93171500;30.35791800;8-921-905-30-28;newcoins110@yandex.ru;1-3;1;1;0
PS-SPB-Novoizmaylov;gp;Санкт-Петербург;Санкт-Петербург;7800000000000;"Новоизмайловский пр. д.22, к.2";Новоизмайловский;"<p><span>При входе лесница, поднимаемся на 2 этаж налево, далее прямо по коридору офис ПВЗ с левой стороны.</span></p>";"пн-пт 11-20, сб 11-19, вс-вых";50;59.86217200;30.30678600;8-905-229-60-66;postservicespb@yandex.ru;1-3;1;1;0
BYA-SPB-Ligovsky;gp;Санкт-Петербург;Санкт-Петербург;7800000000000;"Лиговский пр. д.251";"Обводный канал";"<p><span>Лиговский проспект 251, 10 минут пешком.&nbsp; Ориентир цветочный магазин.</span></p>";"пн-вс 9-21";50;59.90812800;30.34545900;8-921-950-03-58;ligovka251@yandex.ru;1-3;1;1;0
Slavy-S51;gp;Санкт-Петербург;Санкт-Петербург;7800000000000;"пр. Славы, д. 51";"Парк Интернационалистов";"<p>Пункт выдачи находится в жилом доме на первом этаже. Вход в пункт с пр. Славы располагается слева от арки, которая ведет во двор. Ориентир - вывеска Озон.</p>";"пн-вс 09-21";20;59.86364719;30.40984815;+7(960)267-10-53;tochka.slavy51@yandex.ru;1-2;1;1;0
Parnas-MD25k2-guk;gp;Санкт-Петербург;Санкт-Петербург;7800000000000;"ул. Михаила Дудина д.25 к.2";Парнас;"<p>Пункт с ограниченным функционалом (работает строго на выдачу заказов, приемка и последующее перемещение заказов в другие ПВЗ не осуществляется)</p>";"пн-вс 10-21";20;60.07170800;30.32976500;"8 (931) 531-75-71";pvz_parnas@mail.ru;1-2;0;1;0
Parnas-FA16K1-guk;gp;Санкт-Петербург;Санкт-Петербург;7800000000000;"ул. Федора Абрамова, д. 16 корп. 1";Парнас2;"<p><span>1 этаж жилого дома, вывеска ОЗОН,&nbsp; правая сторона от пародной &nbsp;№1, с правой стороны соседи магазин ""САНТЕХЛАЙТ""</span></p>";"пн-вс 10-21";20;60.07846400;30.34215300;"8 (960) 270-64-32";abramova16@pvzspb.ru;1-2;0;1;0
Matveeva-M5;gp;Санкт-Петербург;Санкт-Петербург;7800000000000;"пер. Матвеева, д. 5";"пер. Матвеева";"<p>Ближайшая станция метро - Садовая. Остановки - ""Мариинский театр 2 сцена"", ""Лермонтовский пр."". Вход с пер. Матвеева, жилой 5-этажный дом, крайняя правая дверь. Вывеска: ""Срочное фото, копицентр"", 1-й этаж, 2-ой зал.<br /><br /></p>";"пн-пт 10-19, сб 10-17:30, вс - вых.";20;59.92646300;30.29220600;"8 (996) 777-09-47";netpystote@gmail.com;1-2;1;1;0
AB-SPB-Pionerskaya;gp;Санкт-Петербург;Санкт-Петербург;7800000000000;"Коломяжский пр., д.15, корп.2";Пионерская;"<p>Направо от выхода из метро. Вход с Богатырского пр. напротив церкви. Вывеска &laquo;Главпункт&raquo;</p>";"пн-пт 11-20, сб-вс вых.";20;60.00107165;30.30037314;"8 (812) 407-30-86";pionerskaya.gpunkt@gmail.com;1-2;1;1;0
ID-SPB-PLenina;gp;Санкт-Петербург;Санкт-Петербург;7800000000000;"ул. Комсомола, д.16 (вход с Комсомола)";Пл.Ленина;"<p>Выход из метро на пл. Ленина, повернуть налево, перейти дорогу. Вход с ул.Комсомола. ПВЗ находится во втором зале (первый - проходной).</p>";"пн-вс 10-21";20;59.95484274;30.35792361;"8 (812) 407-16-32";glavpunkt.pllenina@gmail.com;1-2;1;1;0
PloshadVosstaniya-6S22-22;gp;Санкт-Петербург;Санкт-Петербург;7800000000000;"ул. 6-я Советская, д. 22/22, пом. 3-Н";"Площадь Восстания";"<p>&nbsp;</p>
<div>От м. Площадь Восстания пройти по Суворовскому проспекту до улицы 6-ой Советской, повернуть направо к Рождественскому Храму, обойти его с левой стороны. На углу фасада дома Красноборского переулка и улицы 6-ой Советской дом 22/22 (угол ближе к ул.6-ой Советской). По ступенькам вниз спуститься на цокольный этаж, на двери ПВЗ вывеска ""МАРКЕР"".</div>";"пн-пт 10-19, перерыв с 14 до 15";20;59.93453800;30.37394400;"8 (812) 309-70-80";info@markerplus.ru;1-2;1;1;0
TS-SPB-Muzhestva;gp;Санкт-Петербург;Санкт-Петербург;7800000000000;"2-ой Муринский, д.38";"Площадь Мужества";"<p><span>ТЦ Клондайк, 1 этаж, секция 3</span></p>";"пн-вс 10-21";50;59.99936490;30.35984481;8-929-103-24-45;sergeytuzhikov@yandex.ru;1-3;1;0;0
Slavy-S4;gp;Санкт-Петербург;Санкт-Петербург;7800000000000;"пр. Славы, д.4";"пр. Славы";"<p><span>Пункт выдачи находится в жилом доме на первом этаже. Вход в пункт с пр. Славы располагается слева от арки, которая ведет во двор. Ориентир Вывеска Озон.</span></p>";"пн-вс 10-21";20;59.85530800;30.37054900;"8 (921) 637-72-49";mirvtochke@yandex.ru;1-2;1;1;0
Slavy-B94k1;gp;Санкт-Петербург;Санкт-Петербург;7800000000000;"ул. Бухарестская, д. 94 к. 1";"пр. Славы 3";"<p>9-этажное жилое здание - второе от перекрестка проспекта Славы и Бухарестской улицы. 1 этаж, вход со стороны улицы. ПВЗ расположен внутри магазина Папироска.рф.</p>
<div id=""_mcePaste"" class=""mcePaste"" style=""position: absolute; left: -10000px; top: 0px; width: 1px; height: 1px; overflow: hidden;"">
<table class=""MsoTableGrid"" style=""width: 531.6pt; margin-left: 5.4pt; border-collapse: collapse; border: none; mso-border-alt: solid windowtext .5pt; mso-yfti-tbllook: 1184; mso-padding-alt: 0cm 5.4pt 0cm 5.4pt;"" border=""1"" cellspacing=""0"" cellpadding=""0"" width=""709"">
<tbody>
<tr style=""mso-yfti-irow: 0; mso-yfti-firstrow: yes; mso-yfti-lastrow: yes;"">
<td style=""width: 370.25pt; border: solid windowtext 1.0pt; mso-border-alt: solid windowtext .5pt; padding: 0cm 5.4pt 0cm 5.4pt;"" width=""494"" valign=""top"">
<p class=""MsoNoSpacing"">Бухарестская 94к1. 9-этажное жилое здание-второе от   перекрестка проспекта Славы и Бухарестской улицы. ПВЗ находится на 1-ом этаже   со стороны улицы.</p>
</td>
</tr>
</tbody>
</table>
<div id=""_mcePaste"" class=""mcePaste"" style=""position: absolute; left: -10000px; top: 0px; width: 1px; height: 1px; overflow: hidden;"">Краткое описание, как добраться до ПВЗ</div>
<div id=""_mcePaste"" class=""mcePaste"" style=""position: absolute; left: -10000px; top: 0px; width: 1px; height: 1px; overflow: hidden;""><span style=""white-space: pre;""> </span>Бухарестская 94к1. 9-этажное жилое здание-второе от перекрестка проспекта Славы и Бухарестской улицы. ПВЗ находится на 1-ом этаже со стороны улицы.</div>
</div>";"пн-вс 10-21";20;59.86113700;30.39146100;"8 (960) 235-16-32";pvz.buharest@gmail.com;1-2;1;1;0
SPB-PL-Engelsa94k1;gp;Санкт-Петербург;Санкт-Петербург;7800000000000;"пр. Энгельса, д. 94, корп. 1";"пр. Энгельса";"<p><span>Пункт выдачи находится в жилом доме, 1-й этаж.</span><br /><span>От м. Удельная до остановка ""Пенсионный фонд"":</span><br /><span>- трамвай: № 9.</span><br /><span>От м. Озерки до остановка ""Пенсионный фонд"":</span><br /><span>- трамваи: № 20, 21, 9.</span></p>";"пн-вс 10-21";30;60.02459900;30.31847300;8-981-779-34-37;info@glavpunkt.ru;1-3;1;1;1
AB-SPB-Primorskaya;gp;Санкт-Петербург;Санкт-Петербург;7800000000000;"ул. Одоевского д.27, лит.А, 2 эт., сек.212 (у лифта)";Приморская;;"пн-пт 11-20, сб-вс вых.";20;59.94800000;30.23675300;"8 (812) 407-14-20";gp.primorskaya@gmail.com;1-2;1;1;0
AB-SPB-Prosveshenia;gp;Санкт-Петербург;Санкт-Петербург;7800000000000;"пр. Энгельса, д.137";Просвещения;;"пн-вс 10-21";20;60.05041700;30.33458000;8(812)241-64-10;engelsa.gpunkt@gmail.com;1-2;1;1;0
SZ-SPB-Kulturi;gp;Санкт-Петербург;Санкт-Петербург;7800000000000;"пр. Просвещения д.51";"Просвещения2/пр. Культуры";;"пн-пт 11-20, сб-вс вых.";20;60.04384000;30.37550700;"8 (812) 407-24-38";pr.kulturi.glavpunkt@gmail.com;1-2;1;1;0
BYA-SPB-Koroleva;gp;Санкт-Петербург;Санкт-Петербург;7800000000000;"Проспект Королева д. 61";"Проспект Королёва";"<p><span>Проспект Королева 61, Юбилейный квартал, ближайшее метро Пионерская и Комендантский проспект,пешком одинаково, минут по 40. От Пионерской маршрутка 127, 79 (едут по Королева, остановка прямо у дома), 367(по Парашютной) остановка напротив магазина ""Перекресток"". От Комендантского только троллейбус ""2""(остановка у дома). Вход - оптовый склад цветов</span></p>";"пн-вс 9-21";50;60.03104910;30.24497897;8-921-936-14-43;koroleva61@yandex.ru;1-3;1;1;0
LIT-SPB-Rusanovskaya;gp;Санкт-Петербург;Санкт-Петербург;7800000000000;"Русановская ул. д.16, к.3";Русановская;"<p><span>Маршрутка К-385 Остановка: Уткина Заводь От остановки идите в сторону дома&nbsp;</span><span class=""js-extracted-address js-extracted-highlighted-address mail-Message-Map-Link"">ул. Русановская 16 корп.&nbsp;<span class=""mail-Message-Map-NoBreak"">3</span></span><span>&nbsp;Пункт находится с внешней стороны дома от двора; идите вдоль стены дома, напротив которой находится дом 18 корп 3, при повороте налево - увидите Ваш пункт Озон!</span></p>";"пн-вс 10-22";50;59.86724201;30.50831007;8-911-032-03-27;Rusanovskaya16k3@yandex.ru;1-3;1;1;0
KD-SPB-Ribatskiypr;gp;Санкт-Петербург;Санкт-Петербург;7800000000000;"Рыбацкий проспект, д.18к2";"Рыбацкий проспект";"<p><span>Остановка:&nbsp;<span>Дмитрия Устинова.&nbsp;</span>ЖК ""РЕЧНОЙ"" Центральный вход , первый корпус слевой стороны.</span></p>";"пн-вс 10-21";50;59.84151800;30.50251164;8-911-299-95-70;spb.kapitan@yandex.ru;1-3;1;1;0
Ribackoe-K24k1-guk;gp;Санкт-Петербург;Санкт-Петербург;7800000000000;"Караваевская ул., д.28, к.1";Рыбацкое;"<p><span style=""font-size: medium;"">Пункт с ограниченным функционалом (работает строго на выдачу заказов, приемка и последующее перемещение заказов в другие ПВЗ не осуществляется).</span></p>
<p>&nbsp;</p>
<p><span style=""font-size: medium;"">&nbsp;</span></p>";"пн-вс 10-21";20;59.83211400;30.51004800;"8 (921) 400-36-92";info@glavpunkt.ru;1-2;1;1;0
MU-SPB-Sverdlovskaya;gp;Санкт-Петербург;Санкт-Петербург;7800000000000;"Свердловская набережная д.58, лит.А";Свердловская;;"пн-вс 9-21";50;59.95618300;30.40676000;89043394749;Mitinaulia77@gmail.com;1-3;1;1;0
Svetlanovskiy-S40;gp;Санкт-Петербург;Санкт-Петербург;7800000000000;"Светлановский пр., д.40, корп.1";"Светлановский пр.";"<p>Светлановский пр., д.40, корп.1, ТК ""Сампо"". Вход со Светлановского проспекта, левый угол здания. 2 Этаж, секция Б-14.</p>
<p>Ближайшая станция метро - Политехническая (13 троллейбус, 69 автобус, маршрутки 240, 271, 252)&nbsp;</p>";"пн-сб 11-20, вс - вых.";20;60.02319100;30.37654900;"8 (962) 726-78-21";svetlanovskiy@glavpunkt.ru;1-2;1;1;0
RIC-SPB-Sevastyanova;gp;Санкт-Петербург;Санкт-Петербург;7800000000000;"ул. Севастьянова 12 лит.А";Севастьянова;"<p>&nbsp;</p>
<div>Остановка Благодатная ул. Вход в пункт выдачи со стороны сквера вверх по лестнице (с торца дома №12). Сквер находится напротив пожарной части №38.</div>";"пн-вс 9-21";50;59.87433588;30.32800192;8-905-280-77-78;richesse.glavpunkt@mail.ru;1-3;1;1;0
SZ-SPB-Sennaya;gp;Санкт-Петербург;Санкт-Петербург;7800000000000;"Московский пр., д.3, 2 этаж, ТЦ Адмиралтейский";Сенная;;"пн-вс 11-20";20;59.92532200;30.31715300;"8 (812) 407-28-86";sennaya@glavpunkt.ru;1-2;1;1;0
CV-SPB-Sikeirosa;gp;Санкт-Петербург;Санкт-Петербург;7800000000000;"ул. Сикейроса, д.1";Сикейроса;"<p><span>угол пр. Энгельса и ул. Сикейроса, вход с торца дома с ул. Сикейроса</span></p>";"пн-вс 9-21";50;60.03397358;30.32279675;8-981-958-92-93;sikeirosa1@yandex.ru;1-3;1;1;0
SZ-SPB-Sklad;gp;Санкт-Петербург;Санкт-Петербург;7800000000000;"Фаянсовая улица, д.24 лит АБ";"Склад СПб";"<p>Адрес: Фаянсовая улица дом 24, лит АБ. Заезд с Фаянсовой улицы, под шлагбаум. <br />Охране обязательно сообщить, что Вам нужен склад Компании ООО ""САМЗАБЕРУ""<br />Из-под шлагбама проезжаем прямо до конца, по левую руку будет серое кирпичное помещение. На углу здания СЛЕВА двое больших синих ворот.&nbsp;<br />Вы на месте!</p>";"пн-пт 10-19";20;59.90769900;30.38847000;"8 (812) 407-32-87";sklad@glavpunkt.ru;1-2;1;1;0
BYA-SPB-Smolny;gp;Санкт-Петербург;Санкт-Петербург;7800000000000;"Смольный д. 17";"Смольный проспект";"<p><span>Смольный проспект 17. Угол тульской и Бонч- бруевича. Ближайшие метро Чернышевская и Площадь Восстания. До Чернышевской идёт автобус 46. маршрутка 163. До Восстания идут тралейбус 5 и 11. Автобус 7 и 181. Маршрутка 28. Остановка УФМС единый центр документов. Все что идёт до УФМС подходит.</span>&nbsp;<strong>Рядом цех 85, как ориентир.</strong></p>";"пн-вс 9:00-21";50;59.94329083;30.39302313;+7-931-396-06-77;victoriasmolnya@yandex.ru;1-3;1;1;0
BYA-SPB-Korzuna;gp;Санкт-Петербург;Санкт-Петербург;7800000000000;"ул.Солдата Корзуна д.1 к.2";"Солдата Корзуна";"<p><span>м.Ветеранов. Остановка ул. Солдата Корзуна. Вход в ТЦ ФИТНЕС 24. Общественный транспорт: маршрутки(184, 130,20) Автобус(130, 68)</span></p>";"пн-вс 9-21";50;59.83388338;30.21619756;8-921-936-13-32;Ozonkorzuna@yandex.ru;1-3;1;1;0
BYA-SPB-Suvorovskiy;gp;Санкт-Петербург;Санкт-Петербург;7800000000000;"Суворовский пр. д.40";"Суворовский проспект";"<p><span>м.Восстания. автобус 5,54 до остановки пер. Заячий. пешком 300м. Ориентир магазин цветов CVETCLUB</span></p>";"пн-вс 9-21";50;59.94148594;30.37997063;8-921-905-36-14;syvorovskii@yandex.ru;1-3;1;1;0
Tehnologicheskiy-Izm-12-guk;gp;Санкт-Петербург;Санкт-Петербург;7800000000000;"Измайловский пр., д.12";"Технологический институт";"<p><span style=""font-size: medium;"">Пункт с ограниченным функционалом (работает строго на выдачу заказов, приемка и последующее перемещение заказов в другие ПВЗ не осуществляется)</span></p>
<p><span style=""font-size: medium;""><span>ТК ТЕРМИН, 2 этаж</span><br /></span></p>
<p><span style=""font-size: medium;"">&nbsp;</span></p>";"пн-вс 10-21";20;59.91262900;30.30821300;"8 (921) 644-98-80";info@glavpunkt.ru;1-2;0;1;0
ID132-SPB-Tipanova3;gp;Санкт-Петербург;Санкт-Петербург;7800000000000;"ул.Типанова д.3";Типанова3;"<p>Пройдите 50 метров вдоль дома от ул.Типанова в сторону Авиационной ул. по Демонстрационному проезду.</p>
<p>Пункт выдачи расположен в жилом доме на первом этаже.</p>";"пн-вс 09-21";50;59.85369000;30.32533600;+79062489525;tochka.tipanova3@yandex.ru;1-3;1;1;0
Krylenko-K2a;gp;Санкт-Петербург;Санкт-Петербург;7800000000000;"ул. Крыленко, д. 2А, оф. 13";"ул. Крыленко";"<p>Стеклянное двухэтажное здание. Вход в здание через левую дверь. Поднимаемся на 2-й этаж и поворачиваем направо. ПВЗ находится в офисе № 13.</p>
<div id=""_mcePaste"" class=""mcePaste"" style=""position: absolute; left: -10000px; top: 0px; width: 1px; height: 1px; overflow: hidden;"">
<table class=""MsoTableGrid"" style=""width: 531.6pt; margin-left: 5.4pt; border-collapse: collapse; border: none; mso-border-alt: solid windowtext .5pt; mso-yfti-tbllook: 1184; mso-padding-alt: 0cm 5.4pt 0cm 5.4pt;"" border=""1"" cellspacing=""0"" cellpadding=""0"" width=""709"">
<tbody>
<tr style=""mso-yfti-irow: 0; mso-yfti-firstrow: yes; mso-yfti-lastrow: yes;"">
<td style=""width: 370.25pt; border: solid windowtext 1.0pt; mso-border-alt: solid windowtext .5pt; padding: 0cm 5.4pt 0cm 5.4pt;"" width=""494"" valign=""top"">
<p class=""MsoNormal"" style=""margin-bottom: .0001pt; line-height: 200%;""><span style=""font-family: &quot;Times New Roman&quot;,serif;"">Стеклянное 2х этажное   здание. Вход в здание через левую дверь. Поднимаемся на 2й этаж и   поворачиваем на право. До офиса 13</span></p>
</td>
</tr>
</tbody>
</table>
<div id=""_mcePaste"" class=""mcePaste"" style=""position: absolute; left: -10000px; top: 0px; width: 1px; height: 1px; overflow: hidden;"">Краткое описание, как добраться до ПВЗ</div>
<div id=""_mcePaste"" class=""mcePaste"" style=""position: absolute; left: -10000px; top: 0px; width: 1px; height: 1px; overflow: hidden;""><span style=""white-space: pre;""> </span>Стеклянное 2х этажное здание. Вход в здание через левую дверь. Поднимаемся на 2й этаж и поворачиваем на право. До офиса 13</div>
</div>";"пн-вс 10-21";20;59.89385000;30.45181000;"8 (950) 663-47-92";tochka.krylenko@yandex.ru;1-2;1;1;0
Slavy-A37k1;gp;Санкт-Петербург;Санкт-Петербург;7800000000000;"ул. Купчинская, д. 4, корп. 4";"ул. Купчинская";"<p>Остановка: ул. Пловдивская или Малая Каштановая аллея. Примерное расстояние от остановки до Отделения - 300 метров. ПВЗ находится в магазине Шмелёк.ру на 1-м этаже жилого кирпичного дома. Вход со стороны Малой Каштановой аллеи, слева от входа в подъезд.&nbsp;Ориентир - вывеска ""Шмелёк.ру"".</p>";"пн-пт 10-20, сб-вс 11-17.";20;59.84405000;30.38697900;"+7 (931) 261-13-15";shmelyok.ru@gmail.com;1-2;1;1;0
S-SPB-Moiseenko25;gp;Санкт-Петербург;Санкт-Петербург;7800000000000;"ул.Моисеенко, д.23";"ул. Моисеенко";;"пн-пт 10-20, сб 10-18, вс вых.";50;59.93744500;30.38350200;"8 (981) 896-39-30";moiseenko@glavpunkt.ru;1-3;1;1;0
Lomonosovskaya-N4a;gp;Санкт-Петербург;Санкт-Петербург;7800000000000;"ул. Народная, д.4";"ул. Народная";"<p>Пункт расположен в&nbsp;МФДЦ ""Невский"" на 1 этаже.</p>";"пн-вс 10-21";20;59.88086100;30.45850300;"8 (953) 163-35-99";bb-spb-info@yandex.ru;1-2;1;1;0
Germana-PG22;gp;Санкт-Петербург;Санкт-Петербург;7800000000000;"пр. Народного Ополчения д. 211";"ул. Партизана Германа";;"пн-вс 09-21";20;59.82471000;30.17896500;"8 (996) 777-41-47";9500214347@mail.ru;1-2;0;1;0
AB-SPB-Chernishevskaya;gp;Санкт-Петербург;Санкт-Петербург;7800000000000;"ул. Фурштатская, д.25";Чернышевская;;"пн-пт 11-20, сб-вс вых.";20;59.94498600;30.35728000;"8 (812) 385-59-42";chernishevskaia@gmail.com;1-2;1;1;0
SN-SPB-Shostskovich;gp;Санкт-Петербург;Санкт-Петербург;7800000000000;"Шостаковича, д.5, к1";Шостаковича;"<p><span>Как добраться:&nbsp;</span><span>Остановка: &laquo;Шостаковича&raquo;, &laquo;Проспект Просвещения&raquo;, Напротив ТРК Гранд Каньон, вход с торговой пешеходной улицы, 1 этаж</span></p>";"пн-вс 10-21";50;60.05773673;30.33336759;"+7 (921) 554-13-88";pvz-sokkng@yandex.ru;1-3;1;1;0
Elektrosila-R12k2;gp;Санкт-Петербург;Санкт-Петербург;7800000000000;"ул. Решетникова, д.12, к.2";Электросила;"<p>Пункт выдачи находится во дворе Московского рынка, на парковке.</p>
<p>Проезд: м. Электросила.</p>
<p>Выйдя из метро, перейти по наземному пешеходному переходу Московский проспект и проследовать 200 метров по ул. Решетникова.</p>
<p>Проезд до остановки ""Московский рынок"":<br />- автобусы: № 12, 29, 95, 159;</p>
<p>- троллейбус: № 15, 36, 39;</p>
<p>- маршрутные такси: № 12, 25, 135, 250.</p>";"пн-пт 10-20, сб 10-18 вс 12-18";20;59.87960600;30.32421300;"8 (812) 971-00-03";info@saleinspb.ru;1-2;1;1;0
Energetikov-E64;gp;Санкт-Петербург;Санкт-Петербург;7800000000000;"пр. Энергетиков, д.70Б";"Энергетиков пр.";"<p><span style=""font-size: medium;"">Пункт с ограниченным функционалом (работает строго на выдачу заказов, приемка и последующее перемещение заказов в другие ПВЗ не осуществляется)</span></p>
<p>&nbsp;</p>
<p><span style=""font-size: medium;""><br /></span></p>";"пн-вс 10-21";20;59.97130300;30.43382600;"8  (931) 531-57-28";info@glavpunkt.ru;1-2;0;1;0
BYA-SPB-Entuziastov;gp;Санкт-Петербург;Санкт-Петербург;7800000000000;"пр.Энтузиастов д.20, к.1";Энтузиастов;"<p>метро Ладожская. Автобус 27,77,92 остановка: Поликлиника №103. Жилой дом , напротив парка, Ориентир: Ароматный мир, Уралсиб.</p>";"пн-вс 9-21";50;59.94625906;30.46820471;8-911-798-26-68;entuziastov20@yandex.ru;1-3;1;1;0
